insert into member (member_id, nickname, work_start_time, work_end_time, email) values
                                                                                    (1, '닉네임', '09:00:00', '18:00:00', 'test@test.com'),
                                                                                    (2, '닉네임2', '10:00:00', '19:00:00', 'test2@test.com');

INSERT INTO clothes (clothes_id, is_top, member_id, category, color, pattern, type, weight)
VALUES
    (10001, true, 1, 'COTTON', 'BLACK', 'STRIPE', 'SHORT', 0.05),
    (10002, true, 1, 'SHIRT', 'WHITE', 'SOLID', 'SHORT', 0.05),
    (10003, true, 1, 'KNIT', 'GRAY', 'SOLID', 'SHORT', 0.05),
    (10004, true, 1, 'COLLAR', 'NAVY', 'SOLID', 'SHORT', 0.05),
    (10005, true, 1, 'SHIRT', 'RED', 'SOLID', 'SHORT', 0.05),
    (10006, true, 1, 'COTTON', 'GREEN', 'SOLID', 'SHORT', 0.05),
    (10007, true, 1, 'KNIT', 'YELLOW', 'STRIPE', 'SHORT', 0.05),
    (10008, true, 1, 'HOODIE', 'BROWN', 'SOLID', 'SHORT', 0.05),
    (10009, true, 1, 'COLLAR', 'IVORY', 'STRIPE', 'SHORT', 0.05),
    (10010, true, 1, 'HOODIE', 'PURPLE', 'SOLID', 'SHORT', 0.05),
    (11001, false, 1, 'JEANS', 'BLUE', 'SOLID', 'SHORT', 0.05),
    (11002, false, 1, 'JEANS', 'BLACK', 'SOLID', 'LONG', 0.05),
    (11003, false, 1, 'SLACKS', 'BLACK', 'SOLID', 'LONG', 0.05),
    (11004, false, 1, 'SLACKS', 'GRAY', 'SOLID', 'LONG', 0.05),
    (11005, false, 1, 'SLACKS', 'BROWN', 'SOLID', 'LONG', 0.05),
    (11006, false, 1, 'CARGO', 'BLACK', 'SOLID', 'SHORT', 0.05),
    (11007, false, 1, 'CARGO', 'BROWN', 'SOLID', 'SHORT', 0.05);




insert into coordinate (member_id, date, top_id, bottom_id, pose)
VALUES
    (1, '2024-06-24', 10006, 11001, 'SITTING'),
    (1, '2024-06-25', 10007, 11002, 'STANDING'),
    (1, '2024-06-26', 10008, 11001, 'RUNNING'),
    (1, '2024-06-27', 10007, 11002, 'SITTING'),
    (1, '2024-06-28', 10001, 11003, 'STANDING'),
    -- 세 번째 주
    (1, '2024-07-01', 10002, 11001, 'RUNNING'),
    (1, '2024-07-02', 10003, 11002, 'SITTING'),
    (1, '2024-07-03', 10004, 11001, 'STANDING'),
    (1, '2024-07-04', 10005, 11002, 'SITTING'),
    (1, '2024-07-05', 10006, 11003, 'STANDING'),
    -- 네 번째 주
    (1, '2024-07-08', 10007, 11001, 'STANDING'),
    (1, '2024-07-09', 10008, 11002, 'SITTING'),
    (1, '2024-07-10', 10002, 11001, 'STANDING'),
    (1, '2024-07-11', 10001, 11002, 'RUNNING'),
    (1, '2024-07-12', 10002, 11003, 'SITTING'),
    -- 다섯 번째 주
    (1, '2024-07-15', 10003, 11001, 'STANDING'),
    (1, '2024-07-16', 10004, 11002, 'STANDING'),
    (1, '2024-07-17', 10005, 11001, 'SITTING'),
    (1, '2024-07-18', 10006, 11002, 'STANDING'),
    (1, '2024-07-19', 10007, 11003, 'SITTING'),
    -- 여섯 번째 주
    (1, '2024-07-22', 10008, 11001, 'STANDING'),
    (1, '2024-07-23', 10004, 11002, 'STANDING'),
    (1, '2024-07-24', 10001, 11001, 'RUNNING'),
    (1, '2024-07-25', 10002, 11002, 'STANDING'),
    (1, '2024-07-26', 10003, 11003, 'SITTING'),
    -- 일곱 번째 주
    (1, '2024-07-29', 10004, 11001, 'SITTING'),
    (1, '2024-07-30', 10005, 11002, 'STANDING'),
    (1, '2024-07-31', 10006, 11001, 'RUNNING'),
    (1, '2024-08-01', 10001, 11001, 'STANDING'),
    (1, '2024-08-02', 10002, 11002, 'STANDING'),
    -- 여덟 번째 주
    (1, '2024-08-05', 10007, 11001, 'SITTING'),
    (1, '2024-08-06', 10004, 11002, 'STANDING'),
    (1, '2024-08-07', 10003, 11003, 'RUNNING'),
    (1, '2024-08-08', 10002, 11001, 'STANDING'),
    (1, '2024-08-09', 10001, 11001, 'STANDING'),
    -- 아홉 번째 주
    (1, '2024-08-12', 10005, 11001, 'SITTING'),
    (1, '2024-08-13', 10008, 11006, 'STANDING'),
    (1, '2024-08-14', 10010, 11007, 'RUNNING'),
    (1, '2024-08-15', 10007, 11001, 'SITTING');

INSERT INTO voice (seq, date, member_id,time)
VALUES
    (1, '2024-08-01', 1, 10),
    (2, '2024-08-01', 1, 15),
    (3, '2024-08-01', 1, 20),
    (1, '2024-08-02', 1, 25),
    (1, '2024-08-01', 2, 40),
    (2, '2024-08-02', 1, 10),
    (3, '2024-08-02', 1, 13),
    (1, '2024-08-05', 1, 10),
    (2, '2024-08-05', 1, 25),
    (1, '2024-08-06', 1, 40),
    (2, '2024-08-06', 1, 10),
    (1, '2024-08-07', 1, 15),
    (1, '2024-08-08', 1, 20),
    (2, '2024-08-08', 1, 10),
    (3, '2024-08-08', 1, 10),
    (1, '2024-08-09', 1, 40),
    (1, '2024-08-12', 1, 40),
    (1, '2024-08-13', 1, 40),
    (2, '2024-08-13', 1, 10),
    (1, '2024-08-14', 1, 40),
    (2, '2024-08-14', 1, 40);



INSERT INTO activity (date, member_id, time)
VALUES
    ('2024-08-01', 1, 20),
    ('2024-08-01', 2, 60),
    ('2024-08-02', 1, 50),
    ('2024-08-05', 1, 20),
    ('2024-08-06', 1, 30),
    ('2024-08-07', 1, 20),
    ('2024-08-08', 1, 70),
    ('2024-08-09', 1, 80),
    ('2024-08-12', 1, 90),
    ('2024-08-13', 1, 100),
    ('2024-08-14', 1, 110),
    ('2024-08-15', 1, 30);
